Workbook

Sheet Login (User)-Hiếu
A1: Project Name | B1: 36FULLZ | C1: Vẽ các bảng kỹ thuật viết testcase bên dưới
A2: Module Name | B2: Login (User)
A3: Created By | B3: Phan Quang Hieu
A4: Creation Date | B4: 45976
A5: Reviewed By | B5: Team Member
A6: Reviewed Date | B6: 45981
A8: Test Case ID | B8: Description | C8: Precondition | D8: Test Steps | E8: Test Data | F8: Expected Result | G8: Actual Result | H8: Status | I8: Comments(if any)
A9: LI-001 | B9: Login Success (KH01) | C9: Account KH01 registered | D9: 1. Open Login modal 2. Enter Email & Pass 3. Click Login | E9: Email: phansiesta@gmail.com Pass: 12345 | F9: User name displayed on header (.header__navbar-user-name) | G9: User name displayed on header (.header__navbar-user-name) | H9: Pass | I9: Equivalence
A10: LI-002 | B10: Login Success (KH02) | C10: Account KH02 registered | D10: 1. Open Login modal 2. Enter Email & Pass 3. Click Login | E10: Email: phansiesta@gmail.com Pass: 12345 | F10: User name displayed on header | G10: User name displayed on header | H10: Pass | I10: Equivalence
A11: LI-003 | B11: Login Success (KH03) | C11: Account KH03 registered | D11: 1. Open Login modal 2. Enter Email & Pass 3. Click Login | E11: Email: phansiesta@gmail.com Pass: 12345 | F11: User name displayed on header | G11: User name displayed on header | H11: Pass | I11: Equivalence
A12: LI-004 | B12: Login Success (KH04) | C12: Account KH04 registered | D12: 1. Open Login modal 2. Enter Email & Pass 3. Click Login | E12: Email: dvy00333@gmail.com Pass: 12345 | F12: User name displayed on header | G12: User name displayed on header | H12: Pass | I12: Equivalence
A13: LI-005 | B13: Login Success (KH05) | C13: Account KH05 registered | D13: 1. Open Login modal 2. Enter Email & Pass 3. Click Login | E13: Email: vuhuynhphan5@gmail.com Pass: 12345 | F13: User name displayed on header | G13: User name displayed on header | H13: Pass | I13: Equivalence
A14: LI-006 | B14: Login Success (KH06) | C14: Account KH06 registered | D14: 1. Open Login modal 2. Enter Email & Pass 3. Click Login | E14: Email: shinphan22@gmail.com Pass: 12345 | F14: User name displayed on header | G14: User name displayed on header | H14: Pass | I14: Equivalence
A15: LI-007 | B15: Login Success (KH07) | C15: Account KH07 registered | D15: 1. Open Login modal 2. Enter Email & Pass 3. Click Login | E15: Email: henshindecade1010@gmail.com Pass: 12345 | F15: User name displayed on header | G15: User name displayed on header | H15: Pass | I15: Equivalence
A16: LI-008 | B16: Login Success (KH08) | C16: Account KH08 registered | D16: 1. Open Login modal 2. Enter Email & Pass 3. Click Login | E16: Email: blackriderblacksun@gmailcom Pass: 12345 | F16: User name displayed on header | G16: User name displayed on header | H16: Pass | I16: Equivalence
A17: LI-009 | B17: Login Success (KH09) | C17: Account KH09 registered | D17: 1. Open Login modal 2. Enter Email & Pass 3. Click Login | E17: Email: camilsteger@gmail.com Pass: 12345 | F17: User name displayed on header | G17: User name displayed on header | H17: Pass | I17: Equivalence
A18: LI-010 | B18: Login Success (KH10) | C18: Account KH10 registered | D18: 1. Open Login modal 2. Enter Email & Pass 3. Click Login | E18: Email: caovit4@gmail.com Pass: 12345 | F18: User name displayed on header | G18: User name displayed on header | H18: Pass | I18: Equivalence
A19: LI-011 | B19: Login Success (KH11) | C19: Account KH11 registered | D19: 1. Open Login modal 2. Enter Email & Pass 3. Click Login | E19: Email: phanmashiro@gmail.com Pass: 12345 | F19: User name displayed on header | G19: User name displayed on header | H19: Pass | I19: Equivalence
... A36: LI-001.15 (F) | B36: Login Failed (Password with spaces) | C36: N/A | D36: 1. Enter Pass with spaces 2. Click Login | E36: Pass: 123 45 | F36: Display error message | G36: Display error message | H36: Fail | I36: Error Guessing
G37: Pass | H37: =COUNTIF(H9:H36,"Pass") -> 12
G38: Fail | H38: =COUNTIF(H9:H36,"Fail") -> 16
G39: Pending | H39: =COUNTIF(H9:H36,"Pending") -> 0
G40: Total | H40: =SUM(H37:H39) -> 28

Sheet Admin-Hiếu
A1: Project Name | B1: 36FULLZ | C1: Vẽ các bảng kỹ thuật viết testcase bên dưới
A2: Module Name | B2: Admin Login
A3: Created By | B3: Phan Quang Hieu
A4: Creation Date | B4: 45976
A5: Reviewed By | B5: Team Member
A6: Reviewed Date | B6: 45981
A8: Test Case ID | B8: Description | C8: Precondition | D8: Test Steps | E8: Test Data | F8: Expected Result | G8: Actual Result | H8: Status | I8: Comments(if any)
A9: ADL-001 | B9: Admin Login Success | C9: Admin account exists in DB | D9: 1. Visit .../admin 2. Enter Username 3. Enter Password 4. Click Submit | E9: User: Admin1 Pass: Ad123456 | F9: Login successful, URL redirects to /admin/index.php | G9: Login successful, URL redirects to /admin/index.php | H9: Pass | I9: Equivalence
A10: ADL-001 (F) | B10: Admin Login Failed (Wrong Password) | C10: Admin account exists | D10: 1. Visit Admin page 2. Enter correct Username 3. Enter wrong Password 4. Click Submit | E10: User: Admin1 Pass: hdfhd4 | F10: System does not redirect, remains on Login page | G10: System does not redirect, remains on Login page | H10: Fail | I10: Equivalence
A11: ADL-002 (F) | B11: Admin Login Failed (Wrong Username) | C11: N/A | D11: 1. Visit Admin page 2. Enter wrong Username 3. Enter correct Password 4. Click Submit | E11: User: 457y45 Pass: Ad123456 | F11: System does not allow login | G11: System does not allow login | H11: Fail | I11: Equivalence
A12: ADL-003 (F) | B12: Admin Login Failed (Empty Password) | C12: N/A | D12: 1. Visit Admin page 2. Enter Username 3. Leave Password empty 4. Click Submit | E12: User: 12312124 Pass: [Empty] | F12: System does not allow login | G12: System does not allow login | H12: Fail | I12: Equivalence
A13: ADL-004 (F) | B13: Admin Login Failed (Special Char Username) | C13: N/A | D13: 1. Visit Admin page 2. Enter Username with special chars 3. Enter correct Password 4. Click Submit | E13: User: @##@@! Pass: Ad123456 | F13: System does not allow login | G13: System does not allow login | H13: Fail | I13: Equivalence
A14: ADL-005 (F) | B14: Admin Login Failed (Special Char Password) | C14: N/A | D14: 1. Visit Admin page 2. Enter correct Username 3. Enter Password with special chars 4. Click Submit | E14: User: Admin1 Pass: @)!*(!# | F14: System does not allow login | G14: System does not allow login | H14: Fail | I14: Equivalence
G15: Pass | H15: =COUNTIF(H9:H14,"Pass") -> 1
G16: Fail | H16: =COUNTIF(H9:H14,"Fail") -> 5
G17: Pending | H17: =COUNTIF(H10:H14,"Pending") -> 0
G18: Total | H18: =SUM(H15:H17) -> 6

Sheet MCU-Hiếu
A1: Project Name | B1: 36FULLZ | C1: Vẽ các bảng kỹ thuật viết testcase bên dưới
A2: Module Name | B2: Customer Management
A3: Created By | B3: Phan Quang Hieu
A4: Creation Date | B4: 45976
A5: Reviewed By | B5: Team Member
A6: Reviewed Date | B6: 45981
A8: Test Case ID | B8: Description | C8: Precondition | D8: Test Steps | E8: Test Data | F8: Expected Result | G8: Actual Result | H8: Status | I8: Comments(if any)
A9: MCU-001 | B9: Manage customer profiles, activity logs, and account status. | C9: - Website is running - Logged in as Admin | D9: 1. Visit admin/registerKH.php | E9: N/A | F9: Page displays list with header "All Customers" | G9: Page displays list with header "All Customers" | H9: Pass | I9: Equivalence
G10: Pass | H10: =COUNTIF(H9:H9,"Pass") -> 1
G11: Fail | H11: =COUNTIF(H9:H9,"Fail") -> 0
G12: Pending | H12: 0
G13: Total | H13: =SUM(H10:H12) -> 1

Sheet PM-Hiếu
A1: Project Name | B1: 36FULLZ | C1: Vẽ các bảng kỹ thuật viết testcase bên dưới
A2: Module Name | B2: Product Management(PM)
A3: Created By | B3: Phan Quang Hieu
A4: Creation Date | B4: 45976
A5: Reviewed By | B5: Team Lead
A6: Reviewed Date | B6: 45981
A8: Test Case ID | B8: Description | C8: Precondition | D8: Test Steps | E8: Test Data | F8: Expected Result | G8: Actual Result | H8: Status | I8: Comments(if any)
A9: PM-001 | B9: Add New Product | C9: Logged in as Admin | D9: 1. Go to Sanphamadd.php 2. Enter full details (Name, Code, Price...) 3. Select dropdowns/size checkboxes 4. Upload image 5. Click "Send" (Submit) | E9: Text inputs, Selects, Image: test.jpg | F9: URL redirects to Sanphamlist.php, new product appears in the list | G9: URL redirects to Sanphamlist.php, new product appears in the list | H9: Fail | I9: Equivalence
A10: PM-002 | B10: Delete Product | C10: Logged in as Admin; Product exists | D10: 1. Go to Sanphamlist.php 2. Find the row containing the product 3. Click Delete icon 4. Confirm browser popup | E10: Name of the newly created product | F10: URL is Sanphamlist.php, product is removed from the table | G10: URL is Sanphamlist.php, product is removed from the table | H10: Fail | I10: Equivalence
G11: Pass | H11: =COUNTIF(H9:H10,"Pass") -> 0
G12: Fail | H12: =COUNTIF(H9:H10,"Fail") -> 2
G13: Pending | H13: =COUNTIF(H10:H10,"Pending") -> 0
G14: Total | H14: =SUM(H11:H13) -> 2

Sheet Logout-Hiếu
A1: Project Name | B1: 36FULLZ | C1: Vẽ các bảng kỹ thuật viết testcase bên dưới
A2: Module Name | B2: Logout
A3: Created By | B3: Phan Quang Hieu
A4: Creation Date | B4: 45976
A5: Reviewed By | B5: Team Member
A6: Reviewed Date | B6: 45981
A8: Test Case ID | B8: Description | C8: Precondition | D8: Test Steps | E8: Test Data | F8: Expected Result | G8: Actual Result | H8: Status | I8: Comments(if any)
A9: LO-001 | B9: Logout Success (KH01) | C9: - Website is running - User KH01 logged in | D9: 1. Click User Icon 2. Click "Logout" | E9: Email: phansiesta@gmail.com | F9: Logout button disappears, "Login/Register" button reappears | G9: Logout button disappears, "Login/Register" button reappears | H9: Pass | I9: Equivalence
A10: LO-002 | B10: Logout Success (KH02) | C10: - Website is running - User KH02 logged in | D10: 1. Click User Icon 2. Click "Logout" | E10: Email: dvy00333@gmail.com | F10: "Login/Register" button reappears | G10: "Login/Register" button reappears | H10: Pass | I10: Equivalence
A11: LO-003 | B11: Logout Success (KH03) | C11: - Website is running - User KH03 logged in | D11: 1. Click User Icon 2. Click "Logout" | E11: Email: vuhuynhphan5@gmail.com | F11: "Login/Register" button reappears | G11: "Login/Register" button reappears | H11: Pass | I11: Equivalence
A12: LO-004 | B12: Logout Success (KH04) | C12: - Website is running - User KH04 logged in | D12: 1. Click User Icon 2. Click "Logout" | E12: Email: shinphan22@gmail.com | F12: "Login/Register" button reappears | G12: "Login/Register" button reappears | H12: Pass | I12: Equivalence
A13: LO-005 | B13: Logout Success (KH05) | C13: - Website is running - User KH05 logged in | D13: 1. Click User Icon 2. Click "Logout" | E13: Email: henshindecade1010@gmail.com | F13: "Login/Register" button reappears | G13: "Login/Register" button reappears | H13: Pass | I13: Equivalence
A14: LO-006 | B14: Logout Success (KH06) | C14: - Website is running - User KH06 logged in | D14: 1. Click User Icon 2. Click "Logout" | E14: Email: blackriderblacksun@gmailcom | F14: "Login/Register" button reappears | G14: "Login/Register" button reappears | H14: Pass | I14: Error Guessing
A15: LO-007 | B15: Logout Success (KH07) | C15: - Website is running - User KH07 logged in | D15: 1. Click User Icon 2. Click "Logout" | E15: Email: camilsteger@gmail.com | F15: "Login/Register" button reappears | G15: "Login/Register" button reappears | H15: Pass | I15: Error Guessing
A16: LO-008 | B16: Logout Success (KH08) | C16: - Website is running - User KH08 logged in | D16: 1. Click User Icon 2. Click "Logout" | E16: Email: caovit4@gmail.com | F16: "Login/Register" button reappears | G16: "Login/Register" button reappears | H16: Pass | I16: Error Guessing
A17: LO-009 | B17: Logout Success (KH09) | C17: - Website is running - User KH09 logged in | D17: 1. Click User Icon 2. Click "Logout" | E17: Email: phanmashiro@gmail.com | F17: "Login/Register" button reappears | G17: "Login/Register" button reappears | H17: Pass | I17: Equivalence
A18: LO-010 | B18: Logout Success (KH10) | C18: - Website is running - User KH10 logged in | D18: 1. Click User Icon 2. Click "Logout" | E18: Email: phanquanghieusuper@gmail.com | F18: "Login/Register" button reappears | G18: "Login/Register" button reappears | H18: Pass | I18: Equivalence
A19: LO-001 (F) | B19: Logout Failed (Fixed case) | C19: User logged in | D19: 1. Login 2. Click Logout | E19: Email: phansiesta@gmail.com | F19: "Login/Register" button reappears | G19: "Login/Register" button reappears | H19: Pass | I19: Equivalence
... A22: LO-004 (F) | B22: Logout Failed (Special Characters) | C22: N/A | D22: 1. Attempt login with wrong creds 2. Check logout button | E22: Email with special chars | F22: State remains "Not Logged In" | G22: State remains "Not Logged In" | H22: Fail | I22: Error Guessing
G23: Pass | H23: =COUNTIF(H9:H22,"Pass") -> 11
G24: Fail | H24: =COUNTIF(H9:H22,"Fail") -> 3
G25: Pending | H25: =COUNTIF(H9:H22,"Pending") -> 0
G26: Total | H26: =SUM(H23:H25) -> 14

Sheet UPI-Hiếu
A1: Project Name | B1: 36FULLZ | C1: Vẽ các bảng kỹ thuật viết testcase bên dưới
A2: Module Name | B2: Update Infomation (UPI)
A3: Created By | B3: Phan Quang Hieu
A4: Creation Date | B4: 45976
A5: Reviewed By | B5: Team Member
A6: Reviewed Date | B6: 45981
A8: Test Case ID | B8: Description | C8: Precondition | D8: Test Steps | E8: Test Data | F8: Expected Result | G8: Actual Result | H8: Status | I8: Comments(if any)
A9: UPI-001 | B9: Update Information (Main User) | C9: - Website is running - User logged in | D9: 1. Login 2. Go to Profile -> Click "Update Info" 3. Enter new Name & Phone 4. Click Update | E9: Name: User [Time] Phone: 0909123456 | F9: Redirect to profile.php, Name and Phone display correctly as updated | G9: Redirect to profile.php, Name and Phone display correctly as updated | H9: Pass | I9: None
A10: UPI-002 | B10: Update Information (User01) | C10: - Website is running - User logged in | D10: 1. Profile -> Update 2. Enter new Name & Phone 3. Save | E10: Name: Bin [Time] Phone: 0909939393 | F10: New information is updated and displayed correctly | G10: New information is updated and displayed correctly | H10: Pass | I10: None
A11: UPI-003 | B11: Update Information (User02) | C11: - Website is running - User logged in | D11: 1. Profile -> Update 2. Enter new Name & Phone 3. Save | E11: Name: Khanghoai [Time] Phone: 0909898675 | F11: New information is updated and displayed correctly | G11: New information is updated and displayed correctly | H11: Pass | I11: None
A12: UPI-004 | B12: Update Information (User03) | C12: - Website is running - User logged in | D12: 1. Profile -> Update 2. Enter new Name & Phone 3. Save | E12: Name: boom [Time] Phone: 0909012831 | F12: New information is updated and displayed correctly | G12: New information is updated and displayed correctly | H12: Pass | I12: None
A13: UPI-005 | B13: Update Information (User04) | C13: - Website is running - User logged in | D13: 1. Profile -> Update 2. Enter new Name & Phone 3. Save | E13: Name: nguoi ko ten [Time] Phone: 0904012932 | F13: New information is updated and displayed correctly | G13: New information is updated and displayed correctly | H13: Pass | I13: None
A14: UPI-006 | B14: Update Information (User05) | C14: - Website is running - User logged in | D14: 1. Profile -> Update 2. Enter new Name & Phone 3. Save | E14: Name: kaboom [Time] Phone: 0909418392 | F14: New information is updated and displayed correctly | G14: New information is updated and displayed correctly | H14: Pass | I14: None
A15: UPI-007 | B15: Update Information (User06) | C15: - Website is running - User logged in | D15: 1. Profile -> Update 2. Enter new Name & Phone 3. Save | E15: Name: Noname [Time] Phone: 0906012932 | F15: New information is updated and displayed correctly | G15: New information is updated and displayed correctly | H15: Pass | I15: None
A16: UPI-008 | B16: Update Information (User07) | C16: - Website is running - User logged in | D16: 1. Profile -> Update 2. Enter new Name & Phone 3. Save | E16: Name: Unknown [Time] Phone: 0903041053 | F16: New information is updated and displayed correctly | G16: New information is updated and displayed correctly | H16: Pass | I16: None
A17: UPI-009 | B17: Update Information (User08) | C17: - Website is running - User logged in | D17: 1. Profile -> Update 2. Enter new Name & Phone 3. Save | E17: Name: User [Time] Phone: 0933018123 | F17: New information is updated and displayed correctly | G17: New information is updated and displayed correctly | H17: Pass | I17: None
A18: UPI-010 | B18: Update Information (User09) | C18: - Website is running - User logged in | D18: 1. Profile -> Update 2. Enter new Name & Phone 3. Save | E18: Name: hoai [Time] Phone: 0905091022 | F18: New information is updated and displayed correctly | G18: New information is updated and displayed correctly | H18: Pass | I18: None
A19: UPI-011 | B19: Update Information (User10) | C19: - Website is running - User logged in | D19: 1. Profile -> Update 2. Enter new Name & Phone 3. Save | E19: Name: huy [Time] Phone: 0904010102 | F19: New information is updated and displayed correctly | G19: New information is updated and displayed correctly | H19: Pass | I19: None
... A23: UPI-015 | B23: Update Information (User14) | C23: - Website is running - User logged in | D23: 1. Profile -> Update 2. Enter new Name & Phone 3. Save | E23: Name: le khai [Time] Phone: 0909512838 | F23: New information is updated and displayed correctly | G23: New information is updated and displayed correctly | H23: Pass | I23: None
G24: Pass | H24: =COUNTIF(H9:H23,"Pass") -> 15
G25: Fail | H25: =COUNTIF(H9:H23,"Fail") -> 0
G26: Pending | H26: =COUNTIF(H10:H23,"Pending") -> 0
G27: Total | H27: =SUM(H24:H26) -> 15

Sheet Forgot Pass-Hiếu
A1: Project Name | B1: 36FULLZ | C1: Vẽ các bảng kỹ thuật viết testcase bên dưới
A2: Module Name | B2: Forgot Password
A3: Created By | B3: Phan Quang Hieu
A4: Creation Date | B4: 45976
A5: Reviewed By | B5: Team Member
A6: Reviewed Date | B6: 45981
A8: Test Case ID | B8: Description | C8: Precondition | D8: Test Steps | E8: Test Data | F8: Expected Result | G8: Actual Result | H8: Status | I8: Comments(if any)
A9: FP-001 | B9: Forgot Password Flow | C9: Email account exists in system | D9: 1. Open Login modal 2. Click "Forgot Password" 3. Enter Email 4. Click "Get Password" 5. Click "Return to Login" | E9: Email: phansiesta@gmail.com | F9: Redirects to forgot.php, steps complete without errors | G9: Redirects to forgot.php, steps complete without errors | H9: Pass | I9: None
A10: FP-002 | B10: Forgot Password Flow | C10: Email account exists in system | D10: 1. Open Login modal 2. Click "Forgot Password" 3. Enter Email 4. Click "Get Password" 5. Click "Return to Login" | E10: Email: phanquanghiesuper@gmail.com | F10: Redirects to , steps complete without errors | G10: Redirects to forgot.php, steps complete without errors | H10: Pass | I10: None
A11: FP-001.1 (F) | B11: Forgot Password Failed | C11: Email account exists in system | D11: 1. Open Login modal 2. Click "Forgot Password" 3. Enter Email 4. Click "Get Password" 5. Click "Return to Login" | E11: Email: phansiestgmail.com | F11: Display error message | G11: Display error message | H11: Fail | I11: None
G12: Pass | H12: =COUNTIF(H8:H11,"Pass") -> 2
G13: Fail | H13: =COUNTIF(H8:H11,"Fail") -> 1
G14: Pending | H14: =COUNTIF(H9:H11,"Pending") -> 0
G15: Total | H15: =SUM(H12:H14) -> 3

Sheet Comment-Hiếu
A1: Project Name | B1: 36FULLZ | C1: Vẽ các bảng kỹ thuật viết testcase bên dưới
A2: Module Name | B2: Comment(CMT)
A3: Created By | B3: Phan Quang Hieu
A4: Creation Date | B4: 45976
A5: Reviewed By | B5: Team Member
A6: Reviewed Date | B6: 45981
A8: Test Case ID | B8: Description | C8: Precondition | D8: Test Steps | E8: Test Data | F8: Expected Result | G8: Actual Result | H8: Status | I8: Comments(if any)
A9: CMT-001 | B9: Customer feedback KH01 | C9: - Website is running - User logged in | D9: 1. Visit Product ID=19B3046 2. Enter Name & Content 3. Click Send | E9: Name: Tester Cypress Content: Product is beautiful! | F9: URL remains same, input field resets to empty | G9: URL remains same, input field resets to empty | H9: Pass | I9: None
A10: CMT-002 | B10: Customer feedback KH02 | C10: - Website is running - User logged in | D10: 1. Visit Product ID=19B3046 2. Enter Name & Content 3. Click Send | E10: Name: Developer Cypress Content: I want to buy more! | F10: URL remains same, input field resets | G10: URL remains same, input field resets | H10: Pass | I10: None
A11: CMT-003 | B11: Customer feedback KH03 | C11: - Website is running - User logged in | D11: 1. Visit Product ID=19B3046 2. Enter Name & Content 3. Click Send | E11: Name: Team leader Cypress Content: Can you ship? | F11: URL remains same, input field resets | G11: URL remains same, input field resets | H11: Pass | I11: None
A12: CMT-004 | B12: Customer feedback KH04 | C12: - Website is running - User logged in | D12: 1. Visit Product ID=19B3046 2. Enter Name & Content 3. Click Send | E12: Name: Frontend Cypress Content: Eye-catching product | F12: URL remains same, input field resets | G12: URL remains same, input field resets | H12: Pass | I12: None
A13: CMT-005 | B13: Customer feedback KH05 | C13: - Website is running - User logged in | D13: 1. Visit Product ID=19B3046 2. Enter Name & Content 3. Click Send | E13: Name: Backend Cypress Content: Where is my order? | F13: URL remains same, input field resets | G13: URL remains same, input field resets | H13: Pass | I13: None
A14: CMT-006 | B14: Customer feedback KH06 | C14: - Website is running - User logged in | D14: 1. Visit Product ID=19B3046 2. Enter Name & Content 3. Click Send | E14: Name: Designer Cypress Content: Fast delivery, 10/10 | F14: URL remains same, input field resets | G14: URL remains same, input field resets | H14: Pass | I14: None
G15: Pass | H15: =COUNTIF(H9:H14,"Pass") -> 6
G16: Fail | H16: =COUNTIF(H9:H14,"Fail") -> 0
G17: Pending | H17: =COUNTIF(H10:H14,"Pending") -> 0
G18: Total | H18: =SUM(H15:H17) -> 6

Sheet Test Report-Hiếu
A1: TEST REPORT
A2: Test Cycle | B2: System Test
A4: Executed | B4: Passed | F4: 48
B5: Failed | F5: 27
B6: (Total) Test executed (Passed + Failed) | F6: 75
A7: Pending | G7: 0
A8: In Process | G8: 0
A9: Blocked | G9: 0
A10: (Sub-total) Test Planned | G10: =F6 -> 75
A11: Pending + In Process + Blocked + Test Planned | G11: =SUM(G7:G10) -> 75
A13: Function | B13: Description | C13: % TCs Executed | D13: % TCs Passed | E13: % TCs Failed | F13: Priority | G13: Status
A14: Admin | B14: Admin Login Success | C14: 1 | D14: =('Admin-Hiếu'!H15/'Admin-Hiếu'!H18) -> 0.16666667 | E14: =('Admin-Hiếu'!H16/'Admin-Hiếu'!H18) -> 0.83333333 | F14: High | G14: Fail
A15: Customer Management | B15: Manage customer profiles and account status. | C15: 1 | D15: =('MCU-Hiếu'!H10/'MCU-Hiếu'!H13) -> 1 | E15: =('MCU-Hiếu'!H11/'MCU-Hiếu'!H13) -> 0 | F15: Medium | G15: Pass
A16: Product Management(PM) | B16: Manage product details, inventory and categories | C16: 1 | D16: =('PM-Hiếu'!H11/'PM-Hiếu'!H14) -> 0 | E16: =('PM-Hiếu'!H12/'PM-Hiếu'!H14) -> 1 | F16: Critical | G16: Fail
A17: Login | B17: Login Success | C17: 1 | D17: =('Login (User)-Hiếu'!H37/'Login (User)-Hiếu'!H40) -> 0.42857143 | E17: =('Login (User)-Hiếu'!H38/'Login (User)-Hiếu'!H40) -> 0.57142857 | F17: High | G17: Fail
A18: Logout | B18: Logout Success | C18: 1 | D18: =('Logout-Hiếu'!H23/'Logout-Hiếu'!H26) -> 0.78571429 | E18: =('Logout-Hiếu'!H24/'Logout-Hiếu'!H26) -> 0.21428571 | F18: Medium | G18: Pass
A19: Update Infomation (UPI) | B19: Update Information Users | C19: 1 | D19: =('UPI-Hiếu'!H24/'UPI-Hiếu'!H27) -> 1 | E19: =('UPI-Hiếu'!H25/'UPI-Hiếu'!H27) -> 0 | F19: Low-Medium | G19: Unstable
A20: Forgot Password | B20: Forgot Password Flow | C20: 1 | D20: ='Forgot Pass-Hiếu'!H12/'Forgot Pass-Hiếu'!H15 -> 0.66666667 | E20: ='Forgot Pass-Hiếu'!H13/'Forgot Pass-Hiếu'!H15 -> 0.33333333 | F20: High | G20: Fail
A21: Comment(CMT) | B21: Customer feedback | C21: =('Forgot Pass-Hiếu'!H15-'Forgot Pass-Hiếu'!H14)/'Forgot Pass-Hiếu'!H15 -> 1 | D21: =('Comment-Hiếu'!H15/'Comment-Hiếu'!H18) -> 1 | E21: =('Comment-Hiếu'!H16/'Comment-Hiếu'!H18) -> 0 | F21: Low | G21: Pass
